avg_parallel_time,avg_sequential_time,avg_speedup,total_time_saved,avg_similarity
14.216789197921752,25.75998373031616,1.8119410347648555,57.715972661972046,0.743766397478679
