,context_recall,context_precision,faithfulness,answer_relevancy
1_Naive,1.0,0.0,0.5126190476190476,0.7476019520755807
2_BM25,0.9875,0.0,0.6,0.7901341726989537
3_MultiQuery,,,,
4_ParentDoc,1.0,0.0,0.6150240798073615,0.7999448497835219
5_Compression,1.0,0.0,0.2,0.8054724142596454
6_Ensemble,0.9833333333333332,0.0,0.47963258515677865,0.7451127051115012
7_Semantic,1.0,0.0,0.5417521367521367,0.8126177975776019
